teams,games,colors
,2000_SuperBowl_nyg_rav,
,2001_SuperBowl_ram_nwe,
,2002_SuperBowl_rai_tam,
,2003_SuperBowl_car_nwe,
,2004_SuperBowl_phi_nwe,
,2005_SuperBowl_sea_pit,
,2006_SuperBowl_chi_clt,
,2007_SuperBowl_nwe_nyg,
,2008_SuperBowl_crd_pit,
,2009_SuperBowl_clt_nor,
,2010_SuperBowl_pit_gnb,
,2011_SuperBowl_nwe_nyg,
,2012_SuperBowl_sfo_rav,
,2013_SuperBowl_den_sea,
,2014_SuperBowl_sea_nwe,
,2015_SuperBowl_car_den,
,2016_SuperBowl_atl_nwe,
,2017_SuperBowl_nwe_phi,
,2018_SuperBowl_ram_nwe,
,2019_SuperBowl_sfo_kan,
,2020_SuperBowl_kan_tam,
