games,colors,pfr_map_season_years,pfr_map_team_teams,pfr_seaon_draft_picks
2000_Conf_Champ_nyg_min,,,,
2000_Conf_Champ_rai_rav,,,,
2000_Wild_Card_mia_clt,,,,
2000_Wild_Card_nor_ram,,,,
2000_Wild_Card_phi_tam,,,,
2000_Wild_Card_rav_den,,,,
2001_Conf_Champ_pit_nwe,,,,
2001_Conf_Champ_ram_phi,,,,
2001_Wild_Card_gnb_sfo,,,,
2001_Wild_Card_mia_rav,,,,
2001_Wild_Card_phi_tam,,,,
2001_Wild_Card_rai_nyj,,,,
2002_Conf_Champ_phi_tam,,,,
2002_Conf_Champ_rai_oti,,,,
2002_Wild_Card_gnb_atl,,,,
2002_Wild_Card_nyj_clt,,,,
2002_Wild_Card_pit_cle,,,,
2002_Wild_Card_sfo_nyg,,,,
2003_Conf_Champ_nwe_clt,,,,
2003_Conf_Champ_phi_car,,,,
2003_Wild_Card_car_dal,,,,
2003_Wild_Card_clt_den,,,,
2003_Wild_Card_gnb_sea,,,,
2003_Wild_Card_rav_oti,,,,
2004_Conf_Champ_phi_atl,,,,
2004_Conf_Champ_pit_nwe,,,,
2004_Wild_Card_clt_den,,,,
2004_Wild_Card_gnb_min,,,,
2004_Wild_Card_sdg_nyj,,,,
2004_Wild_Card_sea_ram,,,,
2005_Conf_Champ_den_pit,,,,
2005_Conf_Champ_sea_car,,,,
2005_Wild_Card_cin_pit,,,,
2005_Wild_Card_nwe_jax,,,,
2005_Wild_Card_nyg_car,,,,
2005_Wild_Card_tam_was,,,,
2006_Conf_Champ_chi_nor,,,,
2006_Conf_Champ_clt_nwe,,,,
2006_Wild_Card_clt_kan,,,,
2006_Wild_Card_nwe_nyj,,,,
2006_Wild_Card_phi_nyg,,,,
2006_Wild_Card_sea_dal,,,,
2007_Conf_Champ_gnb_nyg,,,,
2007_Conf_Champ_nwe_sdg,,,,
2007_Wild_Card_pit_jax,,,,
2007_Wild_Card_sdg_oti,,,,
2007_Wild_Card_sea_was,,,,
2007_Wild_Card_tam_nyg,,,,
2008_Conf_Champ_crd_phi,,,,
2008_Conf_Champ_pit_rav,,,,
2008_Wild_Card_crd_atl,,,,
2008_Wild_Card_mia_rav,,,,
2008_Wild_Card_min_phi,,,,
2008_Wild_Card_sdg_clt,,,,
2009_Conf_Champ_clt_nyj,,,,
2009_Conf_Champ_nor_min,,,,
2009_Wild_Card_cin_nyj,,,,
2009_Wild_Card_crd_gnb,,,,
2009_Wild_Card_dal_phi,,,,
2009_Wild_Card_nwe_rav,,,,
2010_Conf_Champ_chi_gnb,,,,
2010_Conf_Champ_pit_nyj,,,,
2010_Wild_Card_clt_nyj,,,,
2010_Wild_Card_kan_rav,,,,
2010_Wild_Card_phi_gnb,,,,
2010_Wild_Card_sea_nor,,,,
2011_Conf_Champ_nwe_rav,,,,
2011_Conf_Champ_sfo_nyg,,,,
2011_Wild_Card_den_pit,,,,
2011_Wild_Card_htx_cin,,,,
2011_Wild_Card_nor_det,,,,
2011_Wild_Card_nyg_atl,,,,
2012_Conf_Champ_atl_sfo,,,,
2012_Conf_Champ_nwe_rav,,,,
2012_Wild_Card_gnb_min,,,,
2012_Wild_Card_htx_cin,,,,
2012_Wild_Card_rav_clt,,,,
2012_Wild_Card_was_sea,,,,
2013_Conf_Champ_den_nwe,,,,
2013_Conf_Champ_sea_sfo,,,,
2013_Wild_Card_cin_sdg,,,,
2013_Wild_Card_clt_kan,,,,
2013_Wild_Card_gnb_sfo,,,,
2013_Wild_Card_phi_nor,,,,
2014_Conf_Champ_nwe_clt,,,,
2014_Conf_Champ_sea_gnb,,,,
2014_Wild_Card_car_crd,,,,
2014_Wild_Card_clt_cin,,,,
2014_Wild_Card_dal_det,,,,
2014_Wild_Card_pit_rav,,,,
2015_Conf_Champ_car_crd,,,,
2015_Conf_Champ_den_nwe,,,,
2015_Wild_Card_cin_pit,,,,
2015_Wild_Card_htx_kan,,,,
2015_Wild_Card_min_sea,,,,
2015_Wild_Card_was_gnb,,,,
2016_Conf_Champ_atl_gnb,,,,
2016_Conf_Champ_nwe_pit,,,,
2016_Wild_Card_gnb_nyg,,,,
2016_Wild_Card_htx_rai,,,,
2016_Wild_Card_pit_mia,,,,
2016_Wild_Card_sea_det,,,,
2017_Conf_Champ_nwe_jax,,,,
2017_Conf_Champ_phi_min,,,,
2017_Wild_Card_jax_buf,,,,
2017_Wild_Card_kan_oti,,,,
2017_Wild_Card_nor_car,,,,
2017_Wild_Card_ram_atl,,,,
2018_Conf_Champ_kan_nwe,,,,
2018_Conf_Champ_nor_ram,,,,
2018_Wild_Card_chi_phi,,,,
2018_Wild_Card_dal_sea,,,,
2018_Wild_Card_htx_clt,,,,
2018_Wild_Card_rav_sdg,,,,
2019_Conf_Champ_kan_oti,,,,
2019_Conf_Champ_sfo_gnb,,,,
2019_Wild_Card_htx_buf,,,,
2019_Wild_Card_nor_min,,,,
2019_Wild_Card_nwe_oti,,,,
2019_Wild_Card_phi_sea,,,,
2020_Conf_Champ_gnb_tam,,,,
2020_Conf_Champ_kan_buf,,,,
2020_Wild_Card_buf_clt,,,,
2020_Wild_Card_nor_chi,,,,
2020_Wild_Card_oti_rav,,,,
2020_Wild_Card_pit_cle,,,,
2020_Wild_Card_sea_ram,,,,
2020_Wild_Card_was_tam,,,,
