{
    "colors": [
        "atl",
        "buf",
        "car",
        "chi",
        "cin",
        "cle",
        "clt",
        "crd",
        "dal",
        "den",
        "det",
        "gnb",
        "htx",
        "jax",
        "kan",
        "mia",
        "min",
        "nor",
        "nwe",
        "nyg",
        "nyj",
        "oti",
        "phi",
        "pit",
        "rai",
        "ram",
        "rav",
        "sdg",
        "sea",
        "sfo",
        "tam",
        "was"
    ],
    "conferences": [
        "AFC",
        "NFC"
    ],
    "divisions": [
        "AFC_East_2002_present",
        "AFC_North_2002_present",
        "AFC_South_2002_present",
        "AFC_West_2002_present",
        "NFC_East_2002_present",
        "NFC_North_2002_present",
        "NFC_South_2002_present",
        "NFC_West_2002_present"
    ],
    "games": null,
    "seasons": [
        "2000",
        "2001",
        "2002",
        "2003",
        "2004",
        "2005",
        "2006",
        "2007",
        "2008",
        "2009",
        "2010",
        "2011",
        "2012",
        "2013",
        "2014",
        "2015",
        "2016",
        "2017",
        "2018",
        "2019",
        "2020",
        "2021",
        "2022"
    ],
    "teams": [
        "atl",
        "buf",
        "car",
        "chi",
        "cin",
        "cle",
        "clt",
        "crd",
        "dal",
        "den",
        "det",
        "gnb",
        "htx",
        "jax",
        "kan",
        "mia",
        "min",
        "nor",
        "nwe",
        "nyg",
        "nyj",
        "oti",
        "phi",
        "pit",
        "rai",
        "ram",
        "rav",
        "sdg",
        "sea",
        "sfo",
        "tam",
        "was"
    ]
}