"_id","_labels","label","primary_color","secondary_color","tag","team","tertiary_color","_start","_end","_type"
"133",":colors","atl","#a71930","#000000","atl","Atlanta Falcons","#a5acaf",,,
"134",":colors","buf","#00338D","#C60C30","buf","Buffalo Bills","#ffffff",,,
"135",":colors","car","#0085CA","#101820","car","Carolina Panthers","#BFC0BF",,,
"136",":colors","chi","#0B162A","#c83803","chi","Chicago Bears","#ffffff",,,
"137",":colors","cin","#fb4f14","#000000","cin","Cincinnati Bengals","#ffffff",,,
"138",":colors","cle","#311D00","#ff3c00","cle","Cleveland Browns","#ffffff",,,
"139",":colors","clt","#002C5F","#A2AAAD","clt","Indianapolis Colts","#ffffff",,,
"140",":colors","crd","#97233F","#000000","crd","Arizona Cardinals","#FFB612",,,
"141",":colors","dal","#041E42","#869397","dal","Dallas Cowboys","#ffffff",,,
"142",":colors","den","#FB4F14","#002244","den","Denver Broncos","#ffffff",,,
"143",":colors","det","#0076b6","#B0B7BC","det","Detroit Lions","#ffffff",,,
"144",":colors","gnb","#203731","#FFB612","gnb","Green Bay Packers","#ffffff",,,
"145",":colors","htx","#03202f","#A71930","htx","Houston Texans","#ffffff",,,
"146",":colors","jax","#006778","#D7A22A","jax","Jacksonville Jaguars","#101820",,,
"147",":colors","kan","#E31837","#FFB81C","kan","Kansas City Chiefs","#ffffff",,,
"148",":colors","mia","#008E97","#FC4C02","mia","Miami Dolphins","#005778",,,
"149",":colors","min","#4F2683","#FFC62F","min","Minnesota Vikings","#ffffff",,,
"150",":colors","nor","#D3BC8D","#101820","nor","New Orleans Saints","#ffffff",,,
"151",":colors","nwe","#002244","#C60C30","nwe","New England Patriots","#B0B7BC",,,
"152",":colors","nyg","#0B2265","#a71930","nyg","New York Giants","#a5acaf",,,
"153",":colors","nyj","#125740","#ffffff","nyj","New York Jets","#27251F",,,
"154",":colors","oti","#0C2340","#4B92DB","oti","Tennessee Titans","#C8102E",,,
"155",":colors","phi","#004C54","#A5ACAF","phi","Philadelphia Eagles","#565A5C",,,
"156",":colors","pit","#FFB612","#101820","pit","Pittsburgh Steelers","#ffffff",,,
"157",":colors","rai","#000000","#A5ACAF","rai","Las Vegas Raiders","#ffffff",,,
"158",":colors","ram","#003594","#ffa300","ram","Los Angeles Rams","#ffffff",,,
"159",":colors","rav","#241773","#000000","rav","Baltimore Ravens","#9E7C0C",,,
"160",":colors","sdg","#002A5E","#FFC20E","sdg","Los Angeles Chargers","#0080C6",,,
"161",":colors","sea","#002244","#69BE28","sea","Seattle Seahawks","#A5acaf",,,
"162",":colors","sfo","#AA0000","#B3995D","sfo","San Francisco 49ers","#000000",,,
"163",":colors","tam","#D50A0A","#34302B","tam","Tampa Bay Buccaneers","#FF7900",,,
"164",":colors","was","#773141","#FFB612","was","Washington Redskins","#ffffff",,,
