"_id","_labels","label","primary_color","secondary_color","tag","team","tertiary_color","_start","_end","_type"
"0",":nfl_colors","atl","#a71930","#000000","atl","Atlanta Falcons","#a5acaf",,,
"1",":nfl_colors","buf","#00338D","#C60C30","buf","Buffalo Bills","#ffffff",,,
"2",":nfl_colors","car","#0085CA","#101820","car","Carolina Panthers","#BFC0BF",,,
"3",":nfl_colors","chi","#0B162A","#c83803","chi","Chicago Bears","#ffffff",,,
"4",":nfl_colors","cin","#fb4f14","#000000","cin","Cincinnati Bengals","#ffffff",,,
"5",":nfl_colors","cle","#311D00","#ff3c00","cle","Cleveland Browns","#ffffff",,,
"6",":nfl_colors","clt","#002C5F","#A2AAAD","clt","Indianapolis Colts","#ffffff",,,
"7",":nfl_colors","crd","#97233F","#000000","crd","Arizona Cardinals","#FFB612",,,
"8",":nfl_colors","dal","#041E42","#869397","dal","Dallas Cowboys","#ffffff",,,
"9",":nfl_colors","den","#FB4F14","#002244","den","Denver Broncos","#ffffff",,,
"10",":nfl_colors","det","#0076b6","#B0B7BC","det","Detroit Lions","#ffffff",,,
"11",":nfl_colors","gnb","#203731","#FFB612","gnb","Green Bay Packers","#ffffff",,,
"12",":nfl_colors","htx","#03202f","#A71930","htx","Houston Texans","#ffffff",,,
"13",":nfl_colors","jax","#006778","#D7A22A","jax","Jacksonville Jaguars","#101820",,,
"14",":nfl_colors","kan","#E31837","#FFB81C","kan","Kansas City Chiefs","#ffffff",,,
"15",":nfl_colors","mia","#008E97","#FC4C02","mia","Miami Dolphins","#005778",,,
"16",":nfl_colors","min","#4F2683","#FFC62F","min","Minnesota Vikings","#ffffff",,,
"17",":nfl_colors","nor","#D3BC8D","#101820","nor","New Orleans Saints","#ffffff",,,
"18",":nfl_colors","nwe","#002244","#C60C30","nwe","New England Patriots","#B0B7BC",,,
"19",":nfl_colors","nyg","#0B2265","#a71930","nyg","New York Giants","#a5acaf",,,
"20",":nfl_colors","nyj","#125740","#ffffff","nyj","New York Jets","#27251F",,,
"21",":nfl_colors","oti","#0C2340","#4B92DB","oti","Tennessee Titans","#C8102E",,,
"22",":nfl_colors","phi","#004C54","#A5ACAF","phi","Philadelphia Eagles","#565A5C",,,
"23",":nfl_colors","pit","#FFB612","#101820","pit","Pittsburgh Steelers","#ffffff",,,
"24",":nfl_colors","rai","#000000","#A5ACAF","rai","Las Vegas Raiders","#ffffff",,,
"25",":nfl_colors","ram","#003594","#ffa300","ram","Los Angeles Rams","#ffffff",,,
"26",":nfl_colors","rav","#241773","#000000","rav","Baltimore Ravens","#9E7C0C",,,
"27",":nfl_colors","sdg","#002A5E","#FFC20E","sdg","Los Angeles Chargers","#0080C6",,,
"28",":nfl_colors","sea","#002244","#69BE28","sea","Seattle Seahawks","#A5acaf",,,
"29",":nfl_colors","sfo","#AA0000","#B3995D","sfo","San Francisco 49ers","#000000",,,
"30",":nfl_colors","tam","#D50A0A","#34302B","tam","Tampa Bay Buccaneers","#FF7900",,,
"31",":nfl_colors","was","#773141","#FFB612","was","Washington Redskins","#ffffff",,,
