"_id","_labels","active","conference","division","label","year_max","year_min","_start","_end","_type"
"5406",":nfl_divisions","true","AFC","West","AFC_West_2002_present","2022","2002",,,
"5407",":nfl_divisions","true","AFC","East","AFC_East_2002_present","2022","2002",,,
"5408",":nfl_divisions","true","AFC","North","AFC_North_2002_present","2022","2002",,,
"5409",":nfl_divisions","true","AFC","South","AFC_South_2002_present","2022","2002",,,
"5410",":nfl_divisions","true","NFC","West","NFC_West_2002_present","2022","2002",,,
"5411",":nfl_divisions","true","NFC","East","NFC_East_2002_present","2022","2002",,,
"5412",":nfl_divisions","true","NFC","North","NFC_North_2002_present","2022","2002",,,
"5413",":nfl_divisions","true","NFC","South","NFC_South_2002_present","2022","2002",,,
