"_id","_labels","label","name","timeutc","url","year","_start","_end","_type"
"32",":pfr_map_season_years","pfr_map_season_1","pfr_map_season","2021-11-30T10:04:49Z","/years/2021/","2021",,,
"33",":pfr_map_season_years","pfr_map_season_2","pfr_map_season","2021-11-30T10:04:49Z","/years/2020/","2020",,,
"34",":pfr_map_season_years","pfr_map_season_3","pfr_map_season","2021-11-30T10:04:49Z","/years/2019/","2019",,,
"35",":pfr_map_season_years","pfr_map_season_4","pfr_map_season","2021-11-30T10:04:49Z","/years/2018/","2018",,,
"36",":pfr_map_season_years","pfr_map_season_5","pfr_map_season","2021-11-30T10:04:49Z","/years/2017/","2017",,,
"37",":pfr_map_season_years","pfr_map_season_6","pfr_map_season","2021-11-30T10:04:49Z","/years/2016/","2016",,,
"38",":pfr_map_season_years","pfr_map_season_7","pfr_map_season","2021-11-30T10:04:49Z","/years/2015/","2015",,,
"39",":pfr_map_season_years","pfr_map_season_8","pfr_map_season","2021-11-30T10:04:49Z","/years/2014/","2014",,,
"40",":pfr_map_season_years","pfr_map_season_9","pfr_map_season","2021-11-30T10:04:49Z","/years/2013/","2013",,,
"41",":pfr_map_season_years","pfr_map_season_10","pfr_map_season","2021-11-30T10:04:49Z","/years/2012/","2012",,,
"42",":pfr_map_season_years","pfr_map_season_11","pfr_map_season","2021-11-30T10:04:49Z","/years/2011/","2011",,,
"43",":pfr_map_season_years","pfr_map_season_12","pfr_map_season","2021-11-30T10:04:49Z","/years/2010/","2010",,,
"44",":pfr_map_season_years","pfr_map_season_13","pfr_map_season","2021-11-30T10:04:49Z","/years/2009/","2009",,,
"45",":pfr_map_season_years","pfr_map_season_14","pfr_map_season","2021-11-30T10:04:49Z","/years/2008/","2008",,,
"46",":pfr_map_season_years","pfr_map_season_15","pfr_map_season","2021-11-30T10:04:49Z","/years/2007/","2007",,,
"47",":pfr_map_season_years","pfr_map_season_16","pfr_map_season","2021-11-30T10:04:49Z","/years/2006/","2006",,,
"48",":pfr_map_season_years","pfr_map_season_17","pfr_map_season","2021-11-30T10:04:49Z","/years/2005/","2005",,,
"49",":pfr_map_season_years","pfr_map_season_18","pfr_map_season","2021-11-30T10:04:49Z","/years/2004/","2004",,,
"50",":pfr_map_season_years","pfr_map_season_19","pfr_map_season","2021-11-30T10:04:49Z","/years/2003/","2003",,,
"51",":pfr_map_season_years","pfr_map_season_20","pfr_map_season","2021-11-30T10:04:49Z","/years/2002/","2002",,,
"52",":pfr_map_season_years","pfr_map_season_21","pfr_map_season","2021-11-30T10:04:49Z","/years/2001/","2001",,,
"53",":pfr_map_season_years","pfr_map_season_22","pfr_map_season","2021-11-30T10:04:49Z","/years/2000/","2000",,,
"54",":pfr_map_season_years","pfr_map_season_23","pfr_map_season","2021-11-30T10:04:49Z","/years/1999/","1999",,,
"55",":pfr_map_season_years","pfr_map_season_24","pfr_map_season","2021-11-30T10:04:49Z","/years/1998/","1998",,,
"56",":pfr_map_season_years","pfr_map_season_25","pfr_map_season","2021-11-30T10:04:49Z","/years/1997/","1997",,,
"57",":pfr_map_season_years","pfr_map_season_26","pfr_map_season","2021-11-30T10:04:49Z","/years/1996/","1996",,,
"58",":pfr_map_season_years","pfr_map_season_27","pfr_map_season","2021-11-30T10:04:49Z","/years/1995/","1995",,,
"59",":pfr_map_season_years","pfr_map_season_28","pfr_map_season","2021-11-30T10:04:49Z","/years/1994/","1994",,,
"60",":pfr_map_season_years","pfr_map_season_29","pfr_map_season","2021-11-30T10:04:49Z","/years/1993/","1993",,,
"61",":pfr_map_season_years","pfr_map_season_30","pfr_map_season","2021-11-30T10:04:49Z","/years/1992/","1992",,,
"62",":pfr_map_season_years","pfr_map_season_31","pfr_map_season","2021-11-30T10:04:49Z","/years/1991/","1991",,,
"63",":pfr_map_season_years","pfr_map_season_32","pfr_map_season","2021-11-30T10:04:49Z","/years/1990/","1990",,,
"64",":pfr_map_season_years","pfr_map_season_33","pfr_map_season","2021-11-30T10:04:49Z","/years/1989/","1989",,,
"65",":pfr_map_season_years","pfr_map_season_34","pfr_map_season","2021-11-30T10:04:49Z","/years/1988/","1988",,,
"66",":pfr_map_season_years","pfr_map_season_35","pfr_map_season","2021-11-30T10:04:49Z","/years/1987/","1987",,,
"67",":pfr_map_season_years","pfr_map_season_36","pfr_map_season","2021-11-30T10:04:49Z","/years/1986/","1986",,,
"68",":pfr_map_season_years","pfr_map_season_37","pfr_map_season","2021-11-30T10:04:49Z","/years/1985/","1985",,,
"69",":pfr_map_season_years","pfr_map_season_38","pfr_map_season","2021-11-30T10:04:49Z","/years/1984/","1984",,,
"70",":pfr_map_season_years","pfr_map_season_39","pfr_map_season","2021-11-30T10:04:49Z","/years/1983/","1983",,,
"71",":pfr_map_season_years","pfr_map_season_40","pfr_map_season","2021-11-30T10:04:49Z","/years/1982/","1982",,,
"72",":pfr_map_season_years","pfr_map_season_41","pfr_map_season","2021-11-30T10:04:49Z","/years/1981/","1981",,,
"73",":pfr_map_season_years","pfr_map_season_42","pfr_map_season","2021-11-30T10:04:49Z","/years/1980/","1980",,,
"74",":pfr_map_season_years","pfr_map_season_43","pfr_map_season","2021-11-30T10:04:49Z","/years/1979/","1979",,,
"75",":pfr_map_season_years","pfr_map_season_44","pfr_map_season","2021-11-30T10:04:49Z","/years/1978/","1978",,,
"76",":pfr_map_season_years","pfr_map_season_45","pfr_map_season","2021-11-30T10:04:49Z","/years/1977/","1977",,,
"77",":pfr_map_season_years","pfr_map_season_46","pfr_map_season","2021-11-30T10:04:49Z","/years/1976/","1976",,,
"78",":pfr_map_season_years","pfr_map_season_47","pfr_map_season","2021-11-30T10:04:49Z","/years/1975/","1975",,,
"79",":pfr_map_season_years","pfr_map_season_48","pfr_map_season","2021-11-30T10:04:49Z","/years/1974/","1974",,,
"80",":pfr_map_season_years","pfr_map_season_49","pfr_map_season","2021-11-30T10:04:49Z","/years/1973/","1973",,,
"81",":pfr_map_season_years","pfr_map_season_50","pfr_map_season","2021-11-30T10:04:49Z","/years/1972/","1972",,,
"82",":pfr_map_season_years","pfr_map_season_51","pfr_map_season","2021-11-30T10:04:49Z","/years/1971/","1971",,,
"83",":pfr_map_season_years","pfr_map_season_52","pfr_map_season","2021-11-30T10:04:49Z","/years/1970/","1970",,,
"84",":pfr_map_season_years","pfr_map_season_53","pfr_map_season","2021-11-30T10:04:49Z","/years/1969/","1969",,,
"85",":pfr_map_season_years","pfr_map_season_54","pfr_map_season","2021-11-30T10:04:49Z","/years/1968/","1968",,,
"86",":pfr_map_season_years","pfr_map_season_55","pfr_map_season","2021-11-30T10:04:49Z","/years/1967/","1967",,,
"87",":pfr_map_season_years","pfr_map_season_56","pfr_map_season","2021-11-30T10:04:49Z","/years/1966/","1966",,,
"88",":pfr_map_season_years","pfr_map_season_57","pfr_map_season","2021-11-30T10:04:49Z","/years/1965/","1965",,,
"89",":pfr_map_season_years","pfr_map_season_58","pfr_map_season","2021-11-30T10:04:49Z","/years/1964/","1964",,,
"90",":pfr_map_season_years","pfr_map_season_59","pfr_map_season","2021-11-30T10:04:49Z","/years/1963/","1963",,,
"91",":pfr_map_season_years","pfr_map_season_60","pfr_map_season","2021-11-30T10:04:49Z","/years/1962/","1962",,,
"92",":pfr_map_season_years","pfr_map_season_61","pfr_map_season","2021-11-30T10:04:49Z","/years/1961/","1961",,,
"93",":pfr_map_season_years","pfr_map_season_62","pfr_map_season","2021-11-30T10:04:49Z","/years/1960/","1960",,,
"94",":pfr_map_season_years","pfr_map_season_63","pfr_map_season","2021-11-30T10:04:49Z","/years/1959/","1959",,,
"95",":pfr_map_season_years","pfr_map_season_64","pfr_map_season","2021-11-30T10:04:49Z","/years/1958/","1958",,,
"96",":pfr_map_season_years","pfr_map_season_65","pfr_map_season","2021-11-30T10:04:49Z","/years/1957/","1957",,,
"97",":pfr_map_season_years","pfr_map_season_66","pfr_map_season","2021-11-30T10:04:49Z","/years/1956/","1956",,,
"98",":pfr_map_season_years","pfr_map_season_67","pfr_map_season","2021-11-30T10:04:49Z","/years/1955/","1955",,,
"99",":pfr_map_season_years","pfr_map_season_68","pfr_map_season","2021-11-30T10:04:49Z","/years/1954/","1954",,,
"100",":pfr_map_season_years","pfr_map_season_69","pfr_map_season","2021-11-30T10:04:49Z","/years/1953/","1953",,,
"101",":pfr_map_season_years","pfr_map_season_70","pfr_map_season","2021-11-30T10:04:49Z","/years/1952/","1952",,,
"102",":pfr_map_season_years","pfr_map_season_71","pfr_map_season","2021-11-30T10:04:49Z","/years/1951/","1951",,,
"103",":pfr_map_season_years","pfr_map_season_72","pfr_map_season","2021-11-30T10:04:49Z","/years/1950/","1950",,,
"104",":pfr_map_season_years","pfr_map_season_73","pfr_map_season","2021-11-30T10:04:49Z","/years/1949/","1949",,,
"105",":pfr_map_season_years","pfr_map_season_74","pfr_map_season","2021-11-30T10:04:49Z","/years/1948/","1948",,,
"106",":pfr_map_season_years","pfr_map_season_75","pfr_map_season","2021-11-30T10:04:49Z","/years/1947/","1947",,,
"107",":pfr_map_season_years","pfr_map_season_76","pfr_map_season","2021-11-30T10:04:49Z","/years/1946/","1946",,,
"108",":pfr_map_season_years","pfr_map_season_77","pfr_map_season","2021-11-30T10:04:49Z","/years/1945/","1945",,,
"109",":pfr_map_season_years","pfr_map_season_78","pfr_map_season","2021-11-30T10:04:49Z","/years/1944/","1944",,,
"110",":pfr_map_season_years","pfr_map_season_79","pfr_map_season","2021-11-30T10:04:49Z","/years/1943/","1943",,,
"111",":pfr_map_season_years","pfr_map_season_80","pfr_map_season","2021-11-30T10:04:49Z","/years/1942/","1942",,,
"112",":pfr_map_season_years","pfr_map_season_81","pfr_map_season","2021-11-30T10:04:49Z","/years/1941/","1941",,,
"113",":pfr_map_season_years","pfr_map_season_82","pfr_map_season","2021-11-30T10:04:49Z","/years/1940/","1940",,,
"114",":pfr_map_season_years","pfr_map_season_83","pfr_map_season","2021-11-30T10:04:49Z","/years/1939/","1939",,,
"115",":pfr_map_season_years","pfr_map_season_84","pfr_map_season","2021-11-30T10:04:49Z","/years/1938/","1938",,,
"116",":pfr_map_season_years","pfr_map_season_85","pfr_map_season","2021-11-30T10:04:49Z","/years/1937/","1937",,,
"117",":pfr_map_season_years","pfr_map_season_86","pfr_map_season","2021-11-30T10:04:49Z","/years/1936/","1936",,,
"118",":pfr_map_season_years","pfr_map_season_87","pfr_map_season","2021-11-30T10:04:49Z","/years/1935/","1935",,,
"119",":pfr_map_season_years","pfr_map_season_88","pfr_map_season","2021-11-30T10:04:49Z","/years/1934/","1934",,,
"120",":pfr_map_season_years","pfr_map_season_89","pfr_map_season","2021-11-30T10:04:49Z","/years/1933/","1933",,,
"121",":pfr_map_season_years","pfr_map_season_90","pfr_map_season","2021-11-30T10:04:49Z","/years/1932/","1932",,,
"122",":pfr_map_season_years","pfr_map_season_91","pfr_map_season","2021-11-30T10:04:49Z","/years/1931/","1931",,,
"123",":pfr_map_season_years","pfr_map_season_92","pfr_map_season","2021-11-30T10:04:49Z","/years/1930/","1930",,,
"124",":pfr_map_season_years","pfr_map_season_93","pfr_map_season","2021-11-30T10:04:49Z","/years/1929/","1929",,,
"125",":pfr_map_season_years","pfr_map_season_94","pfr_map_season","2021-11-30T10:04:49Z","/years/1928/","1928",,,
"126",":pfr_map_season_years","pfr_map_season_95","pfr_map_season","2021-11-30T10:04:49Z","/years/1927/","1927",,,
"127",":pfr_map_season_years","pfr_map_season_96","pfr_map_season","2021-11-30T10:04:49Z","/years/1926/","1926",,,
"128",":pfr_map_season_years","pfr_map_season_97","pfr_map_season","2021-11-30T10:04:49Z","/years/1925/","1925",,,
"129",":pfr_map_season_years","pfr_map_season_98","pfr_map_season","2021-11-30T10:04:49Z","/years/1924/","1924",,,
"130",":pfr_map_season_years","pfr_map_season_99","pfr_map_season","2021-11-30T10:04:49Z","/years/1923/","1923",,,
"131",":pfr_map_season_years","pfr_map_season_100","pfr_map_season","2021-11-30T10:04:49Z","/years/1922/","1922",,,
