"_id","_labels","champs","conf_champs","div_champs","label","loss","name","playoff_loss","playoff_perc","playoff_win","playoff_yrs","sb_champs","tag","team","tie","timeutc","top_coach","top_coach_url","top_pass","top_pass_url","top_player","top_player_url","top_rec","top_rec_url","top_rush","top_rush_url","win","win_perc","year_max","year_min","_start","_end","_type"
"0",":pfr_map_team_teams","2","1","8","pfr_map_team_1","773","pfr_map_team","9","0.438","7","10","0","crd","Arizona Cardinals","41","2021-11-30T10:04:07Z","Arians","/coaches/AriaBr0.htm","Hart","/players/H/HartJi00.htm","Fitzgerald","/players/F/FitzLa00.htm","Fitzgerald","/players/F/FitzLa00.htm","Anderson","/players/A/AndeOt00.htm","575",".427","2021","1920",,,
"1",":pfr_map_team_teams","0","2","7","pfr_map_team_2","479","pfr_map_team","14","0.417","10","14","0","atl","Atlanta Falcons","6","2021-11-30T10:04:07Z","Smith","/coaches/SmitMi0.htm","Ryan","/players/R/RyanMa00.htm","Ryan","/players/R/RyanMa00.htm","Jones","/players/J/JoneJu02.htm","Riggs","/players/R/RiggGe00.htm","374",".439","2021","1966",,,
"2",":pfr_map_team_teams","2","2","6","pfr_map_team_3","177","pfr_map_team","11","0.593","16","13","2","rav","Baltimore Ravens","1","2021-11-30T10:04:07Z","Harbaugh","/coaches/HarbJo0.htm","Flacco","/players/F/FlacJo00.htm","Lewis","/players/L/LewiRa00.htm","Mason","/players/M/MasoDe00.htm","Lewis","/players/L/LewiJa00.htm","233",".568","2021","1996",,,
"3",":pfr_map_team_teams","2","4","12","pfr_map_team_4","490","pfr_map_team","18","0.471","16","20","0","buf","Buffalo Bills","8","2021-11-30T10:04:07Z","Levy","/coaches/LevyMa0.htm","Kelly","/players/K/KellJi00.htm","Smith","/players/S/SmitBr00.htm","Reed","/players/R/ReedAn00.htm","Thomas","/players/T/ThomTh00.htm","445",".476","2021","1960",,,
"4",":pfr_map_team_teams","0","2","6","pfr_map_team_5","222","pfr_map_team","8","0.529","9","8","0","car","Carolina Panthers","1","2021-11-30T10:04:07Z","Rivera","/coaches/RiveRo0.htm","Newton","/players/N/NewtCa00.htm","Newton","/players/N/NewtCa00.htm","Smith","/players/S/SmitSt01.htm","Stewart","/players/S/StewJo00.htm","205",".480","2021","1995",,,
"5",":pfr_map_team_teams","9","2","24","pfr_map_team_6","606","pfr_map_team","20","0.459","17","27","1","chi","Chicago Bears","42","2021-11-30T10:04:07Z","Halas","/coaches/HalaGe0.htm","Cutler","/players/C/CutlJa00.htm","Payton","/players/P/PaytWa00.htm","Morris","/players/M/MorrJo02.htm","Payton","/players/P/PaytWa00.htm","781",".563","2021","1920",,,
"6",":pfr_map_team_teams","0","2","10","pfr_map_team_7","456","pfr_map_team","14","0.263","5","14","0","cin","Cincinnati Bengals","5","2021-11-30T10:04:07Z","Lewis","/coaches/LewiMa0.htm","Anderson","/players/A/AndeKe00.htm","Munoz","/players/M/MunoAn00.htm","Johnson","/players/J/JohnCh01.htm","Dillon","/players/D/DillCo00.htm","370",".448","2021","1968",,,
"7",":pfr_map_team_teams","8","0","23","pfr_map_team_8","515","pfr_map_team","21","0.447","17","29","0","cle","Cleveland Browns","14","2021-11-30T10:04:07Z","Brown","/coaches/BrowPa0.htm","Sipe","/players/S/SipeBr00.htm","Matthews","/players/M/MattCl00.htm","Newsome","/players/N/NewsOz00.htm","Brown","/players/B/BrowJi00.htm","539",".511","2021","1946",,,
"8",":pfr_map_team_teams","5","8","24","pfr_map_team_9","402","pfr_map_team","28","0.556","35","33","5","dal","Dallas Cowboys","6","2021-11-30T10:04:07Z","Landry","/coaches/LandTo0.htm","Romo","/players/R/RomoTo00.htm","Smith","/players/S/SmitEm00.htm","Witten","/players/W/WittJa00.htm","Smith","/players/S/SmitEm00.htm","533",".570","2021","1960",,,
"9",":pfr_map_team_teams","3","8","15","pfr_map_team_10","439","pfr_map_team","19","0.548","23","22","3","den","Denver Broncos","10","2021-11-30T10:04:07Z","Shanahan","/coaches/ShanMi0.htm","Elway","/players/E/ElwaJo00.htm","Elway","/players/E/ElwaJo00.htm","Smith","/players/S/SmitRo01.htm","Davis","/players/D/DaviTe00.htm","494",".529","2021","1960",,,
"10",":pfr_map_team_teams","4","0","8","pfr_map_team_11","691","pfr_map_team","13","0.350","7","17","0","det","Detroit Lions","34","2021-11-30T10:04:07Z","Fontes","/coaches/FontWa0.htm","Stafford","/players/S/StafMa00.htm","Sanders","/players/S/SandBa00.htm","Johnson","/players/J/JohnCa00.htm","Sanders","/players/S/SandBa00.htm","567",".451","2021","1930",,,
"11",":pfr_map_team_teams","13","5","30","pfr_map_team_12","580","pfr_map_team","24","0.600","36","34","4","gnb","Green Bay Packers","38","2021-11-30T10:04:07Z","Lambeau","/coaches/LambCu0.htm","Favre","/players/F/FavrBr00.htm","Favre","/players/F/FavrBr00.htm","Driver","/players/D/DrivDo00.htm","Green","/players/G/GreeAh00.htm","778",".572","2021","1921",,,
"12",":pfr_map_team_teams","0","0","6","pfr_map_team_13","178","pfr_map_team","6","0.400","4","6","0","htx","Houston Texans","0","2021-11-30T10:04:07Z","Kubiak","/coaches/KubiGa0.htm","Schaub","/players/S/SchaMa00.htm","Watt","/players/W/WattJ.00.htm","Johnson","/players/J/JohnAn02.htm","Foster","/players/F/FostAr00.htm","137",".435","2021","2002",,,
"13",":pfr_map_team_teams","4","4","21","pfr_map_team_14","479","pfr_map_team","25","0.479","23","29","2","clt","Indianapolis Colts","7","2021-11-30T10:04:07Z","Dungy","/coaches/DungTo0.htm","Manning","/players/M/MannPe00.htm","Manning","/players/M/MannPe00.htm","Harrison","/players/H/HarrMa00.htm","James","/players/J/JameEd00.htm","540",".530","2021","1953",,,
"14",":pfr_map_team_teams","0","0","3","pfr_map_team_15","248","pfr_map_team","7","0.500","7","7","0","jax","Jacksonville Jaguars","0","2021-11-30T10:04:07Z","Del&nbsp;Rio","/coaches/DelRJa0.htm","Brunell","/players/B/BrunMa00.htm","Smith","/players/S/SmitJi00.htm","Smith","/players/S/SmitJi00.htm","Taylor","/players/T/TaylFr00.htm","179",".419","2021","1995",,,
"15",":pfr_map_team_teams","3","4","14","pfr_map_team_16","429","pfr_map_team","20","0.429","15","23","2","kan","Kansas City Chiefs","12","2021-11-30T10:04:07Z","Stram","/coaches/StraHa0.htm","Dawson","/players/D/DawsLe00.htm","Shields","/players/S/ShieWi00.htm","Gonzalez","/players/G/GonzTo00.htm","Charles","/players/C/CharJa00.htm","502",".539","2021","1960",,,
"16",":pfr_map_team_teams","3","5","16","pfr_map_team_17","445","pfr_map_team","19","0.568","25","22","3","rai","Las Vegas Raiders","11","2021-11-30T10:04:07Z","Madden","/coaches/MaddJo0.htm","Carr","/players/C/CarrDe02.htm","Otto","/players/O/OttoJi00.htm","Brown","/players/B/BrowTi00.htm","Allen","/players/A/AlleMa00.htm","487",".522","2021","1960",,,
"17",":pfr_map_team_teams","1","1","15","pfr_map_team_18","467","pfr_map_team","18","0.400","12","19","0","sdg","Los Angeles Chargers","11","2021-11-30T10:04:07Z","Gillman","/coaches/GillSi0.htm","Rivers","/players/R/RivePh00.htm","Rivers","/players/R/RivePh00.htm","Gates","/players/G/GateAn00.htm","Tomlinson","/players/T/TomlLa00.htm","465",".499","2021","1960",,,
"18",":pfr_map_team_teams","3","4","20","pfr_map_team_19","579","pfr_map_team","27","0.449","22","30","1","ram","Los Angeles Rams","21","2021-11-30T10:04:07Z","Robinson","/coaches/RobiJo0.htm","Everett","/players/E/EverJi00.htm","Olsen","/players/O/OlseMe00.htm","Bruce","/players/B/BrucIs00.htm","Jackson","/players/J/JackSt00.htm","594",".506","2021","1937",,,
"19",":pfr_map_team_teams","2","5","14","pfr_map_team_20","384","pfr_map_team","21","0.488","20","23","2","mia","Miami Dolphins","4","2021-11-30T10:04:07Z","Shula","/coaches/ShulDo0.htm","Marino","/players/M/MariDa00.htm","Marino","/players/M/MariDa00.htm","Duper","/players/D/DupeMa00.htm","Csonka","/players/C/CsonLa00.htm","472",".551","2021","1966",,,
"20",":pfr_map_team_teams","0","4","20","pfr_map_team_21","418","pfr_map_team","30","0.412","21","30","0","min","Minnesota Vikings","11","2021-11-30T10:04:07Z","Grant","/coaches/GranBu0.htm","Tarkenton","/players/T/TarkFr00.htm","Eller","/players/E/ElleCa00.htm","Carter","/players/C/CartCr00.htm","Peterson","/players/P/PeteAd01.htm","500",".544","2021","1961",,,
"21",":pfr_map_team_teams","6","11","22","pfr_map_team_22","408","pfr_map_team","21","0.638","37","27","6","nwe","New England Patriots","9","2021-11-30T10:04:07Z","Belichick","/coaches/BeliBi0.htm","Brady","/players/B/BradTo00.htm","Brady","/players/B/BradTo00.htm","Morgan","/players/M/MorgSt00.htm","Cunningham","/players/C/CunnSa00.htm","527",".564","2021","1960",,,
"22",":pfr_map_team_teams","1","1","9","pfr_map_team_23","448","pfr_map_team","13","0.435","10","14","1","nor","New Orleans Saints","5","2021-11-30T10:04:07Z","Payton","/coaches/PaytSe0.htm","Brees","/players/B/BreeDr00.htm","Brees","/players/B/BreeDr00.htm","Colston","/players/C/ColsMa00.htm","Ingram","/players/I/IngrMa01.htm","392",".467","2021","1967",,,
"23",":pfr_map_team_teams","8","5","25","pfr_map_team_24","625","pfr_map_team","25","0.490","24","32","4","nyg","New York Giants","33","2021-11-30T10:04:07Z","Owen","/coaches/OwenSt0.htm","Manning","/players/M/MannEl00.htm","Taylor","/players/T/TaylLa00.htm","Toomer","/players/T/ToomAm00.htm","Barber","/players/B/BarbTi00.htm","706",".530","2021","1925",,,
"24",":pfr_map_team_teams","1","1","4","pfr_map_team_25","522","pfr_map_team","13","0.480","12","14","1","nyj","New York Jets","8","2021-11-30T10:04:07Z","Ewbank","/coaches/EwbaWe0.htm","Namath","/players/N/NamaJo00.htm","Maynard","/players/M/MaynDo00.htm","Maynard","/players/M/MaynDo00.htm","Martin","/players/M/MartCu00.htm","413",".442","2021","1960",,,
"25",":pfr_map_team_teams","4","3","15","pfr_map_team_26","626","pfr_map_team","23","0.500","23","27","1","phi","Philadelphia Eagles","27","2021-11-30T10:04:07Z","Reid","/coaches/ReidAn0.htm","McNabb","/players/M/McNaDo00.htm","White","/players/W/WhitRe00.htm","Carmichael","/players/C/CarmHa00.htm","McCoy","/players/M/McCoLe01.htm","595",".487","2021","1933",,,
"26",":pfr_map_team_teams","6","8","25","pfr_map_team_27","561","pfr_map_team","26","0.581","36","32","6","pit","Pittsburgh Steelers","22","2021-11-30T10:04:07Z","Noll","/coaches/NollCh0.htm","Roethlisberger","/players/R/RoetBe00.htm","Roethlisberger","/players/R/RoetBe00.htm","Ward","/players/W/WardHi00.htm","Harris","/players/H/HarrFr00.htm","648",".536","2021","1933",,,
"27",":pfr_map_team_teams","5","7","21","pfr_map_team_28","504","pfr_map_team","22","0.600","33","27","5","sfo","San Francisco 49ers","16","2021-11-30T10:04:07Z","Seifert","/coaches/SeifGe0.htm","Montana","/players/M/MontJo01.htm","Rice","/players/R/RiceJe00.htm","Rice","/players/R/RiceJe00.htm","Gore","/players/G/GoreFr00.htm","595",".541","2021","1946",,,
"28",":pfr_map_team_teams","1","3","11","pfr_map_team_29","347","pfr_map_team","18","0.486","17","19","1","sea","Seattle Seahawks","1","2021-11-30T10:04:07Z","Carroll","/coaches/CarrPe0.htm","Wilson","/players/W/WilsRu00.htm","Wilson","/players/W/WilsRu00.htm","Largent","/players/L/LargSt00.htm","Alexander","/players/A/AlexSh00.htm","370",".516","2021","1976",,,
"29",":pfr_map_team_teams","2","2","6","pfr_map_team_30","432","pfr_map_team","9","0.526","10","11","2","tam","Tampa Bay Buccaneers","1","2021-11-30T10:04:07Z","Gruden","/coaches/GrudJo0.htm","Winston","/players/W/WinsJa00.htm","Brooks","/players/B/BrooDe00.htm","Evans","/players/E/EvanMi00.htm","Wilder","/players/W/WildJa00.htm","286",".398","2021","1976",,,
"30",":pfr_map_team_teams","2","1","10","pfr_map_team_31","479","pfr_map_team","22","0.436","17","24","0","oti","Tennessee Titans","6","2021-11-30T10:04:07Z","Fisher","/coaches/FishJe0.htm","Moon","/players/M/MoonWa00.htm","Matthews","/players/M/MattBr00.htm","Givins","/players/G/GiviEr00.htm","George","/players/G/GeorEd00.htm","459",".489","2021","1960",,,
"31",":pfr_map_team_teams","5","5","16","pfr_map_team_32","618","pfr_map_team","20","0.535","23","25","3","was","Washington Football Team","28","2021-11-30T10:04:07Z","Gibbs","/coaches/GibbJo0.htm","Theismann","/players/T/TheiJo00.htm","Green","/players/G/GreeDa00.htm","Monk","/players/M/MonkAr00.htm","Riggins","/players/R/RiggJo00.htm","614",".498","2021","1932",,,
