"_id","_labels","champs","conf_champs","div_champs","label","logo","loss","playoff_loss","playoff_perc","playoff_win","playoff_yrs","primary_color","sb_champs","secondary_color","tag","team","tertiary_color","tie","win","win_perc","year_max","year_min","_start","_end","_type"
"5858",":nfl_teams","0","2","7","atl","/api/v2/static/svg/nfl/logos/atl.svg","479","14","0.417","10","14","#a71930","0","#000000","atl","Atlanta Falcons","#a5acaf","6","374",".439","2021","1966",,,
"5859",":nfl_teams","2","4","12","buf","/api/v2/static/svg/nfl/logos/buf.svg","490","18","0.471","16","20","#00338D","0","#C60C30","buf","Buffalo Bills","#ffffff","8","445",".476","2021","1960",,,
"5860",":nfl_teams","0","2","6","car","/api/v2/static/svg/nfl/logos/car.svg","222","8","0.529","9","8","#0085CA","0","#101820","car","Carolina Panthers","#BFC0BF","1","205",".480","2021","1995",,,
"5861",":nfl_teams","9","2","24","chi","/api/v2/static/svg/nfl/logos/chi.svg","606","20","0.459","17","27","#0B162A","1","#c83803","chi","Chicago Bears","#ffffff","42","781",".563","2021","1920",,,
"5862",":nfl_teams","0","2","10","cin","/api/v2/static/svg/nfl/logos/cin.svg","456","14","0.263","5","14","#fb4f14","0","#000000","cin","Cincinnati Bengals","#ffffff","5","370",".448","2021","1968",,,
"5863",":nfl_teams","8","0","23","cle","/api/v2/static/svg/nfl/logos/cle.svg","515","21","0.447","17","29","#311D00","0","#ff3c00","cle","Cleveland Browns","#ffffff","14","539",".511","2021","1946",,,
"5864",":nfl_teams","4","4","21","clt","/api/v2/static/svg/nfl/logos/clt.svg","479","25","0.479","23","29","#002C5F","2","#A2AAAD","clt","Indianapolis Colts","#ffffff","7","540",".530","2021","1953",,,
"5865",":nfl_teams","2","1","8","crd","/api/v2/static/svg/nfl/logos/crd.svg","773","9","0.438","7","10","#97233F","0","#000000","crd","Arizona Cardinals","#FFB612","41","575",".427","2021","1920",,,
"5866",":nfl_teams","5","8","24","dal","/api/v2/static/svg/nfl/logos/dal.svg","402","28","0.556","35","33","#041E42","5","#869397","dal","Dallas Cowboys","#ffffff","6","533",".570","2021","1960",,,
"5867",":nfl_teams","3","8","15","den","/api/v2/static/svg/nfl/logos/den.svg","439","19","0.548","23","22","#FB4F14","3","#002244","den","Denver Broncos","#ffffff","10","494",".529","2021","1960",,,
"5868",":nfl_teams","4","0","8","det","/api/v2/static/svg/nfl/logos/det.svg","691","13","0.350","7","17","#0076b6","0","#B0B7BC","det","Detroit Lions","#ffffff","34","567",".451","2021","1930",,,
"5869",":nfl_teams","13","5","30","gnb","/api/v2/static/svg/nfl/logos/gnb.svg","580","24","0.600","36","34","#203731","4","#FFB612","gnb","Green Bay Packers","#ffffff","38","778",".572","2021","1921",,,
"5870",":nfl_teams","0","0","6","htx","/api/v2/static/svg/nfl/logos/htx.svg","178","6","0.400","4","6","#03202f","0","#A71930","htx","Houston Texans","#ffffff","0","137",".435","2021","2002",,,
"5871",":nfl_teams","0","0","3","jax","/api/v2/static/svg/nfl/logos/jax.svg","248","7","0.500","7","7","#006778","0","#D7A22A","jax","Jacksonville Jaguars","#101820","0","179",".419","2021","1995",,,
"5872",":nfl_teams","3","4","14","kan","/api/v2/static/svg/nfl/logos/kan.svg","429","20","0.429","15","23","#E31837","2","#FFB81C","kan","Kansas City Chiefs","#ffffff","12","502",".539","2021","1960",,,
"5873",":nfl_teams","2","5","14","mia","/api/v2/static/svg/nfl/logos/mia.svg","384","21","0.488","20","23","#008E97","2","#FC4C02","mia","Miami Dolphins","#005778","4","472",".551","2021","1966",,,
"5874",":nfl_teams","0","4","20","min","/api/v2/static/svg/nfl/logos/min.svg","418","30","0.412","21","30","#4F2683","0","#FFC62F","min","Minnesota Vikings","#ffffff","11","500",".544","2021","1961",,,
"5875",":nfl_teams","1","1","9","nor","/api/v2/static/svg/nfl/logos/nor.svg","448","13","0.435","10","14","#D3BC8D","1","#101820","nor","New Orleans Saints","#ffffff","5","392",".467","2021","1967",,,
"5876",":nfl_teams","6","11","22","nwe","/api/v2/static/svg/nfl/logos/nwe.svg","408","21","0.638","37","27","#002244","6","#C60C30","nwe","New England Patriots","#B0B7BC","9","527",".564","2021","1960",,,
"5877",":nfl_teams","8","5","25","nyg","/api/v2/static/svg/nfl/logos/nyg.svg","625","25","0.490","24","32","#0B2265","4","#a71930","nyg","New York Giants","#a5acaf","33","706",".530","2021","1925",,,
"5878",":nfl_teams","1","1","4","nyj","/api/v2/static/svg/nfl/logos/nyj.svg","522","13","0.480","12","14","#125740","1","#ffffff","nyj","New York Jets","#27251F","8","413",".442","2021","1960",,,
"5879",":nfl_teams","2","1","10","oti","/api/v2/static/svg/nfl/logos/oti.svg","479","22","0.436","17","24","#0C2340","0","#4B92DB","oti","Tennessee Titans","#C8102E","6","459",".489","2021","1960",,,
"5880",":nfl_teams","4","3","15","phi","/api/v2/static/svg/nfl/logos/phi.svg","626","23","0.500","23","27","#004C54","1","#A5ACAF","phi","Philadelphia Eagles","#565A5C","27","595",".487","2021","1933",,,
"5881",":nfl_teams","6","8","25","pit","/api/v2/static/svg/nfl/logos/pit.svg","561","26","0.581","36","32","#FFB612","6","#101820","pit","Pittsburgh Steelers","#ffffff","22","648",".536","2021","1933",,,
"5882",":nfl_teams","3","5","16","rai","/api/v2/static/svg/nfl/logos/rai.svg","445","19","0.568","25","22","#000000","3","#A5ACAF","rai","Las Vegas Raiders","#ffffff","11","487",".522","2021","1960",,,
"5883",":nfl_teams","3","4","20","ram","/api/v2/static/svg/nfl/logos/ram.svg","579","27","0.449","22","30","#003594","1","#ffa300","ram","Los Angeles Rams","#ffffff","21","594",".506","2021","1937",,,
"5884",":nfl_teams","2","2","6","rav","/api/v2/static/svg/nfl/logos/rav.svg","177","11","0.593","16","13","#241773","2","#000000","rav","Baltimore Ravens","#9E7C0C","1","233",".568","2021","1996",,,
"5885",":nfl_teams","1","1","15","sdg","/api/v2/static/svg/nfl/logos/sdg.svg","467","18","0.400","12","19","#002A5E","0","#FFC20E","sdg","Los Angeles Chargers","#0080C6","11","465",".499","2021","1960",,,
"5886",":nfl_teams","1","3","11","sea","/api/v2/static/svg/nfl/logos/sea.svg","347","18","0.486","17","19","#002244","1","#69BE28","sea","Seattle Seahawks","#A5acaf","1","370",".516","2021","1976",,,
"5887",":nfl_teams","5","7","21","sfo","/api/v2/static/svg/nfl/logos/sfo.svg","504","22","0.600","33","27","#AA0000","5","#B3995D","sfo","San Francisco 49ers","#000000","16","595",".541","2021","1946",,,
"5888",":nfl_teams","2","2","6","tam","/api/v2/static/svg/nfl/logos/tam.svg","432","9","0.526","10","11","#D50A0A","2","#34302B","tam","Tampa Bay Buccaneers","#FF7900","1","286",".398","2021","1976",,,
"5889",":nfl_teams","5","5","16","was","/api/v2/static/svg/nfl/logos/was.svg","618","20","0.535","23","25","#773141","3","#FFB612","was","Washington Football Team","#ffffff","28","614",".498","2021","1932",,,
