"_id","_labels","label","primary_color","secondary_color","tag","team","tertiary_color","_start","_end","_type"
"397188",":colors","atl","#a71930","#000000","atl","Atlanta Falcons","#a5acaf",,,
"397189",":colors","buf","#00338D","#C60C30","buf","Buffalo Bills","#ffffff",,,
"397190",":colors","car","#0085CA","#101820","car","Carolina Panthers","#BFC0BF",,,
"397191",":colors","chi","#0B162A","#c83803","chi","Chicago Bears","#ffffff",,,
"397192",":colors","cin","#fb4f14","#000000","cin","Cincinnati Bengals","#ffffff",,,
"397193",":colors","cle","#311D00","#ff3c00","cle","Cleveland Browns","#ffffff",,,
"397194",":colors","clt","#002C5F","#A2AAAD","clt","Indianapolis Colts","#ffffff",,,
"397195",":colors","crd","#97233F","#000000","crd","Arizona Cardinals","#FFB612",,,
"397196",":colors","dal","#041E42","#869397","dal","Dallas Cowboys","#ffffff",,,
"397197",":colors","den","#FB4F14","#002244","den","Denver Broncos","#ffffff",,,
"397198",":colors","det","#0076b6","#B0B7BC","det","Detroit Lions","#ffffff",,,
"397199",":colors","gnb","#203731","#FFB612","gnb","Green Bay Packers","#ffffff",,,
"397200",":colors","htx","#03202f","#A71930","htx","Houston Texans","#ffffff",,,
"397201",":colors","jax","#006778","#D7A22A","jax","Jacksonville Jaguars","#101820",,,
"397202",":colors","kan","#E31837","#FFB81C","kan","Kansas City Chiefs","#ffffff",,,
"397203",":colors","mia","#008E97","#FC4C02","mia","Miami Dolphins","#005778",,,
"397204",":colors","min","#4F2683","#FFC62F","min","Minnesota Vikings","#ffffff",,,
"397205",":colors","nor","#D3BC8D","#101820","nor","New Orleans Saints","#ffffff",,,
"397206",":colors","nwe","#002244","#C60C30","nwe","New England Patriots","#B0B7BC",,,
"397207",":colors","nyg","#0B2265","#a71930","nyg","New York Giants","#a5acaf",,,
"397208",":colors","nyj","#125740","#ffffff","nyj","New York Jets","#27251F",,,
"397209",":colors","oti","#0C2340","#4B92DB","oti","Tennessee Titans","#C8102E",,,
"397210",":colors","phi","#004C54","#A5ACAF","phi","Philadelphia Eagles","#565A5C",,,
"397211",":colors","pit","#FFB612","#101820","pit","Pittsburgh Steelers","#ffffff",,,
"397212",":colors","rai","#000000","#A5ACAF","rai","Las Vegas Raiders","#ffffff",,,
"397213",":colors","ram","#003594","#ffa300","ram","Los Angeles Rams","#ffffff",,,
"397214",":colors","rav","#241773","#000000","rav","Baltimore Ravens","#9E7C0C",,,
"397215",":colors","sdg","#002A5E","#FFC20E","sdg","Los Angeles Chargers","#0080C6",,,
"397216",":colors","sea","#002244","#69BE28","sea","Seattle Seahawks","#A5acaf",,,
"397217",":colors","sfo","#AA0000","#B3995D","sfo","San Francisco 49ers","#000000",,,
"397218",":colors","tam","#D50A0A","#34302B","tam","Tampa Bay Buccaneers","#FF7900",,,
"397219",":colors","was","#773141","#FFB612","was","Washington Redskins","#ffffff",,,
